step,loss,lr
1,1.73828125,1e-05
2,1.81445312,9.99945578467e-06
3,1.87890625,9.99782327031e-06
4,2.04687500,9.99510285179e-06
5,2.16992188,9.9912951871e-06
6,2.25390625,9.98640119722e-06
7,2.23046875,9.98042206586e-06
8,1.77734375,9.97335923923e-06
9,1.94726562,9.96521442563e-06
10,2.08593750,9.95598959509e-06
11,2.25390625,9.94568697883e-06
12,2.18359375,9.9343090688e-06
13,1.90039062,9.921858617e-06
14,1.84960938,9.90833863487e-06
15,1.74023438,9.89375239254e-06
16,1.83789062,9.87810341802e-06
17,1.83789062,9.8613954964e-06
18,2.11523438,9.84363266887e-06
19,2.19140625,9.82481923179e-06
20,2.13281250,9.80495973564e-06
21,1.96484375,9.7840589839e-06
22,1.86523438,9.7621220319e-06
23,1.64648438,9.73915418561e-06
24,1.76171875,9.71516100036e-06
25,1.97460938,9.69014827944e-06
26,2.17382812,9.66412207278e-06
27,2.27734375,9.63708867542e-06
28,2.16406250,9.60905462603e-06
29,1.90039062,9.5800267053e-06
30,1.88867188,9.55001193431e-06
31,1.82226562,9.51901757284e-06
32,1.89648438,9.48705111761e-06
33,1.99023438,9.45412030045e-06
34,2.30859375,9.42023308645e-06
35,2.02734375,9.38539767203e-06
36,1.72656250,9.34962248297e-06
37,1.75585938,9.31291617231e-06
38,2.05078125,9.27528761835e-06
39,2.14843750,9.23674592244e-06
40,2.10546875,9.19730040679e-06
41,2.03906250,9.15696061223e-06
42,1.96679688,9.11573629587e-06
43,1.75976562,9.0736374288e-06
44,1.64062500,9.03067419361e-06
45,1.90820312,8.98685698196e-06
46,1.68750000,8.94219639209e-06
47,1.71484375,8.89670322619e-06
48,1.83203125,8.85038848786e-06
49,2.08984375,8.80326337942e-06
50,2.25781250,8.75533929916e-06
51,2.13281250,8.70662783866e-06
52,2.01562500,8.65714077993e-06
53,1.91406250,8.60689009257e-06
54,1.60742188,8.5558879309e-06
55,1.68750000,8.50414663097e-06
56,1.82617188,8.45167870765e-06
57,1.96093750,8.39849685153e-06
58,2.10546875,8.34461392588e-06
59,2.29296875,8.29004296357e-06
60,1.99414062,8.23479716386e-06
61,1.75585938,8.17888988924e-06
62,1.74609375,8.12233466221e-06
63,1.71093750,8.06514516196e-06
64,1.95898438,8.00733522113e-06
65,1.98632812,7.9489188224e-06
66,2.16015625,7.88991009516e-06
67,2.20117188,7.83032331204e-06
68,1.96289062,7.77017288552e-06
69,1.81445312,7.70947336438e-06
70,1.95117188,7.64823943023e-06
71,2.16210938,7.58648589393e-06
72,2.26171875,7.52422769203e-06
73,2.10937500,7.46147988314e-06
74,1.86523438,7.39825764428e-06
75,1.71093750,7.33457626724e-06
76,1.68750000,7.27045115485e-06
77,1.95312500,7.20589781728e-06
78,1.65429688,7.14093186827e-06
79,1.86328125,7.07556902136e-06
80,1.87109375,7.00982508609e-06
81,2.12109375,6.94371596417e-06
82,2.26953125,6.87725764565e-06
83,2.08203125,6.81046620502e-06
84,1.98632812,6.74335779738e-06
85,1.84570312,6.67594865446e-06
86,1.71679688,6.60825508074e-06
87,1.84960938,6.54029344952e-06
88,1.83203125,6.47208019889e-06
89,2.20312500,6.40363182785e-06
90,2.17578125,6.33496489223e-06
91,2.16796875,6.26609600075e-06
92,2.10546875,6.19704181096e-06
93,1.86132812,6.12781902525e-06
94,1.92382812,6.05844438676e-06
95,2.21093750,5.98893467538e-06
96,2.21093750,5.91930670368e-06
97,2.07226562,5.8495773128e-06
98,1.79492188,5.77976336844e-06
99,1.76562500,5.70988175674e-06
100,1.73437500,5.63994938021e-06
101,1.92578125,5.56998315364e-06
102,1.82031250,5.5e-06
103,2.04882812,5.43001684636e-06
104,2.17578125,5.36005061979e-06
105,2.08007812,5.29011824326e-06
106,1.85546875,5.22023663156e-06
107,1.90820312,5.1504226872e-06
108,1.69335938,5.08069329632e-06
109,1.75195312,5.01106532462e-06
110,1.78906250,4.94155561324e-06
111,2.24609375,4.87218097475e-06
112,2.01953125,4.80295818904e-06
113,1.72656250,4.73390399925e-06
114,1.83203125,4.66503510777e-06
115,1.64453125,4.59636817215e-06
116,1.74023438,4.52791980111e-06
117,1.87109375,4.45970655048e-06
118,1.97070312,4.39174491926e-06
119,2.21484375,4.32405134554e-06
120,2.17578125,4.25664220262e-06
121,2.03125000,4.18953379498e-06
122,1.67968750,4.12274235435e-06
123,2.00781250,4.05628403583e-06
124,2.11914062,3.99017491391e-06
125,2.16406250,3.92443097864e-06
126,2.06835938,3.85906813173e-06
127,1.82617188,3.79410218272e-06
128,1.83984375,3.72954884515e-06
129,1.62109375,3.66542373276e-06
130,1.74023438,3.60174235572e-06
131,1.97460938,3.53852011686e-06
132,2.08007812,3.47577230797e-06
133,2.13281250,3.41351410607e-06
134,1.96484375,3.35176056977e-06
135,1.86328125,3.29052663562e-06
136,1.62695312,3.22982711448e-06
137,1.73242188,3.16967668796e-06
138,1.90234375,3.11008990484e-06
139,1.72656250,3.0510811776e-06
140,1.70312500,2.99266477887e-06
141,1.85156250,2.93485483804e-06
142,2.06250000,2.87766533779e-06
143,2.23828125,2.82111011076e-06
144,2.21093750,2.76520283614e-06
145,1.86328125,2.70995703643e-06
146,1.76367188,2.65538607412e-06
147,1.94921875,2.60150314847e-06
148,2.25390625,2.54832129235e-06
149,2.12109375,2.49585336903e-06
150,2.16210938,2.4441120691e-06
151,1.77148438,2.39310990743e-06
152,1.76367188,2.34285922007e-06
153,1.79882812,2.29337216134e-06
154,1.72265625,2.24466070084e-06
155,1.85351562,2.19673662058e-06
156,2.10937500,2.14961151214e-06
157,2.21875000,2.10329677381e-06
158,2.19140625,2.05780360791e-06
159,1.84179688,2.01314301804e-06
160,1.75976562,1.96932580639e-06
161,1.69531250,1.9263625712e-06
162,1.88281250,1.88426370413e-06
163,1.69335938,1.84303938777e-06
164,1.76562500,1.80269959321e-06
165,1.84960938,1.76325407756e-06
166,2.08007812,1.72471238165e-06
167,2.16406250,1.68708382769e-06
168,2.12890625,1.65037751703e-06
169,1.95507812,1.61460232797e-06
170,1.80468750,1.57976691355e-06
171,1.74804688,1.54587969955e-06
172,1.65625000,1.51294888239e-06
173,1.77929688,1.48098242716e-06
174,1.92578125,1.44998806569e-06
175,2.15234375,1.4199732947e-06
176,2.11718750,1.39094537397e-06
177,1.85546875,1.36291132458e-06
178,1.79492188,1.33587792722e-06
179,1.91601562,1.30985172056e-06
180,2.06640625,1.28483899964e-06
181,2.14062500,1.26084581439e-06
182,2.15625000,1.2378779681e-06
183,1.88867188,1.2159410161e-06
184,1.76757812,1.19504026436e-06
185,1.68554688,1.17518076821e-06
186,1.77539062,1.15636733113e-06
187,1.97460938,1.1386045036e-06
188,2.15625000,1.12189658198e-06
189,2.19921875,1.10624760746e-06
190,2.05859375,1.09166136513e-06
191,1.95312500,1.078141383e-06
192,1.78906250,1.0656909312e-06
193,1.72265625,1.05431302117e-06
194,1.86523438,1.04401040491e-06
195,1.66406250,1.03478557437e-06
196,1.73632812,1.02664076077e-06
197,1.80273438,1.01957793414e-06
198,2.05664062,1.01359880278e-06
199,2.18359375,1.0087048129e-06
200,2.10546875,1.00489714821e-06
201,1.84375000,1.00217672969e-06
202,1.75781250,1.00054421533e-06
